stroke_id,skeleton_length,num_skeleton_points,area,perimeter,scale,compactness,circularity,aspect_ratio,fourier_1,fourier_2,fourier_3,fourier_4,convexity,wetness,thickness,avg_gray,color_variance,position_saliency,centroid_x,centroid_y
0,0.04750942993255452,0.016165413533834588,0.0013136620856911887,0.01046048372670169,0.04053911030059778,0.46566283058233365,0.20007014293005404,0.5576363249562553,0.0,0.008210154936139283,0.019078430813969705,0.004275496709305839,0.5138719354471171,0.2444855724741315,0.0,0.0,0.0,0.03503766301042961,0.4,0.0
1,0.04508774312854954,0.019548872180451128,0.010206143896523849,0.014276868534179152,0.03624712105614902,0.5331210369153103,0.30204988648672976,0.16627087255574152,0.0,0.07420558105836708,0.019054304359817184,0.03552166224604636,0.5854478275459067,0.43901147570999477,0.0,0.0,0.0,0.02845224873921935,0.27169811320754716,0.019417475728155338
2,0.027737695782352446,0.008646616541353385,0.0006063055780113182,0.0037250816429043026,0.02245613195685689,0.667161569116195,0.43073128218749357,0.39034545133478954,0.0,0.018238084352870863,0.024205003644483112,0.007930609901102179,0.7521153198148565,0.42660048792798866,0.0,0.0,0.0,0.08520492266570405,0.690566037735849,0.014563106796116505
3,0.02124753025732324,0.010338345864661657,0.00010105092966855318,0.006256731792508822,0.012368986213280482,0.4394216002403382,0.277478599077239,0.09624957426509384,0.0,0.05101272156673285,0.024305706712336308,0.037491680807557555,0.4220988561570153,0.3514311044385916,0.0,0.0,0.0,0.14482758472682222,0.9924528301886792,0.022653721682847898
4,0.06358236197411238,0.01992481203007519,0.008488278092158448,0.01781934371336532,0.06546774016819765,0.49057963812639976,0.20180011978549267,0.5930173797964977,0.0,0.00576796472222566,0.01233920028597751,0.0032016573361043727,0.4896827397136995,0.4041360744713872,0.0,0.0,0.0,0.12527722350702356,0.8754716981132076,0.024271844660194174
5,0.0359516472647084,0.01729323308270677,0.009599838318512532,0.010019632556697222,0.0345938165133158,0.5376569393762616,0.4380628552316302,0.16244188547760507,0.0,0.09836220092455006,0.0545113251083061,0.02518632644805212,0.6733523179979561,0.520891907568197,0.0,0.0,0.0,0.11287719656724148,0.7433962264150944,0.03236245954692557
6,0.019170246536841698,0.012593984962406015,0.008589329021827,0.00926705227825918,0.015051676932624367,0.6933347568891837,0.4449832446833976,0.027881803860848098,0.0,0.25738099809326304,0.11392183260503796,0.15277642292705054,0.6962928452743082,0.6920525423932509,0.0,0.0,0.0,0.045429921608097765,0.3547169811320755,0.03236245954692557
7,0.01557527116521016,0.005075187969924812,0.0031325788197251424,0.003192927084040311,0.00901628019616426,0.7269081084193763,0.6354817498381637,0.06022472799876827,0.0,0.01793307122879355,0.03854946805690154,0.05401644662074264,0.8408669767478296,0.722152836647663,0.0,0.0,0.0,0.08871018124807672,0.6113207547169811,0.03398058252427185
8,0.009592409466654857,0.002819548872180452,0.0012126111560226364,0.0005321544242921743,0.0044871764942299615,0.8458315622196246,0.8278611283116813,0.07435151277966226,0.0,0.1318257376577249,0.06526484081553843,0.055127686434758155,0.8819380638793415,0.749044240673752,0.0,0.0,0.0,0.046973194849709146,0.27547169811320754,0.05501618122977347
9,0.02124753025732324,0.011654135338345865,0.00101050929668553,0.006477157377511056,0.007572175958747263,0.45012343740109545,0.30706686138611383,0.012122530023178701,0.0,0.2789561563148452,0.08760985107750328,0.025901086884777397,0.5224506832563345,0.4050643560191808,0.0,0.0,0.0,0.0854845667305939,0.47924528301886793,0.05825242718446602
10,0.03045342906031831,0.014661654135338348,0.00101050929668553,0.0062945508240783744,0.02136932886592722,0.4098579699836092,0.31453739988448526,0.17277582076759018,0.0,0.07899086271455498,0.08619160165362774,0.03492615533619732,0.5327024809776659,0.3436863800790781,0.0,0.0,0.0,0.13458314952862593,0.5584905660377358,0.09061488673139159
11,0.028492343378573474,0.009022556390977446,0.004951495553759094,0.005450667425924443,0.02348194754264215,0.7474118063417319,0.5389682325407579,0.234207241346235,0.0,0.052669226639619905,0.01883482151765763,0.0254275310500227,0.743403902566085,0.6030397352850454,0.0,0.0,0.0,0.06350074887601063,0.24528301886792453,0.09385113268608415
12,0.02115078953948924,0.005827067669172933,0.004446240905416329,0.0037250815083324854,0.01746177120563014,0.8285271143842019,0.663427619193505,0.18401994435195618,0.0,0.10827415867185401,0.015598334356897114,0.036233041150673086,0.8585337577469812,0.669138354424802,0.0,0.0,0.0,0.05165166920097579,0.1660377358490566,0.10194174757281554
13,0.04925814207172905,0.025375939849624066,0.012934518997574779,0.02057141949282934,0.04606001819869574,0.3055687294701507,0.21579737403499144,0.08559067765000278,0.0,0.10606788241620213,0.02876953350704384,0.04714440816718837,0.3484754040588071,0.3244384621855809,0.0,0.0,0.0,0.068808682991378,0.21509433962264152,0.1132686084142395
14,0.05934535227081265,0.01898496240601504,0.005860953920776072,0.0119278248034355,0.05194487822498819,0.5186709488962546,0.27579149293232824,0.5276097282814809,0.0,0.026969150435828523,0.006748489434885262,0.006620226553743306,0.6194581756922262,0.21287778757210107,0.0,0.0,0.0,0.19307281165794427,0.6566037735849056,0.11812297734627833
15,0.025315786733919994,0.012593984962406015,0.001919967663702506,0.006697583052227835,0.016568391250589384,0.555646637671656,0.33492694162540315,0.14339219784589424,0.0,0.05062567004204323,0.05908143170816191,0.02044366636626785,0.5298974649464869,0.5677871384105085,0.0,0.0,0.0,0.30810997731208395,0.9886792452830189,0.1197411003236246
16,0.02115078953948924,0.013721804511278198,0.003839935327405012,0.00873489776425246,0.011217933670764041,0.467293413718285,0.32208147470293824,0.0,0.0,0.5290438738203023,0.04194954456441181,0.12158427984728172,0.5102517477526904,0.4402676485624245,0.0,0.0,0.0,0.11004273074574232,0.3433962264150943,0.13106796116504854
17,0.04361879525083719,0.0193609022556391,0.001414713015359741,0.011175244659569273,0.033572803069463766,0.3135648453417964,0.18813027981794356,0.2563080876385941,0.0,0.06648605727673479,0.02313436958352998,0.015887959055632773,0.35928992089509676,0.309190786337426,0.0,0.0,0.0,0.08034653826203764,0.17358490566037738,0.15210355987055016
18,0.031091552788155875,0.011278195488721807,0.0017178658043653997,0.007761891990526728,0.026923043835758047,0.6261384537595214,0.2860891422832099,0.38237918504652985,0.0,0.034680587633574095,0.009523896636554445,0.009076928189172133,0.5893818656475105,0.24807320214067086,0.0,0.0,0.0,0.22993483737599255,0.6490566037735849,0.14401294498381878
19,0.038449182046904,0.01541353383458647,0.006770412287793048,0.011213063735996098,0.0336538131159895,0.4964116300287233,0.31828805097474866,0.195172745071509,0.0,0.07422555679099148,0.039321367331111155,0.019868222206460145,0.49216128089785477,0.3569247670465512,0.0,0.0,0.0,0.2639203607788191,0.7169811320754718,0.1504854368932039
20,0.011862104024673921,0.0033834586466165413,0.0025262732417138233,0.0015051602877324509,0.01073356185739334,0.8578515953795836,0.7994489863471481,0.14183360164209546,0.0,0.03704253297448928,0.027795893154727344,0.011010511987470138,0.909294176746263,0.812231849920081,0.0,0.0,0.0,0.09133232367481384,0.22264150943396227,0.1504854368932039
21,0.019773865846040344,0.007330827067669173,0.0008084074373484237,0.004789390626060468,0.011217933670764041,0.4879409167280245,0.3771251080963048,0.07604129839278712,0.0,0.11161496400027408,0.03857259507522014,0.03707048728320585,0.5697978016798524,0.39926616665911696,0.0,0.0,0.0,0.12557585120674888,0.32075471698113206,0.15533980582524273
22,0.03296288667386647,0.010714285714285714,0.0008084074373484237,0.00754146636066722,0.029241367875272394,0.46649643214228104,0.2609222625804045,0.3624636161763522,0.0,0.051658246959807634,0.01566036035644208,0.017461043294549436,0.49523067045342745,0.24512690581406288,0.0,0.0,0.0,0.20467455157420084,0.539622641509434,0.15533980582524273
23,0.013532104429902554,0.0026315789473684214,0.005355699272433307,0.0028811981998931,0.006730760202458427,0.8271960303620793,0.8229601176054713,0.012868527905793986,0.0,0.023552887444261324,0.052947047513677375,0.08019895971145584,0.8916289945508218,0.7971323984615817,0.0,0.0,0.0,0.06554795847325938,0.08301886792452831,0.16666666666666669
24,0.07135566564962004,0.02274436090225564,0.008185125303152789,0.01772804050393488,0.06893131000141314,0.3339524948318385,0.1989663410402225,0.4558207030910871,0.0,0.010511300942482309,0.044394835430705014,0.016625107874488378,0.3763712285211854,0.20450912761840667,0.0,0.0,0.0,0.22021985341817313,0.47924528301886793,0.1877022653721683
25,0.06880575029118002,0.017105263157894738,0.006669361358124494,0.015067267844186745,0.06516203708361665,0.6933506328152117,0.22086824169030805,0.974331566944981,0.0,0.007506005851571658,0.012365284605386696,0.004862426307087593,0.5835760636549501,0.1927246880917758,0.0,0.0,0.0,0.09358451371203164,0.14339622641509434,0.1877022653721683
26,0.03823904840050519,0.0174812030075188,0.005456750202101859,0.01161609596414556,0.03226680201908675,0.44922878375114234,0.2748753095379898,0.1864098947884979,0.0,0.05042322750109541,0.014533005826968929,0.09805716261282402,0.5302822814134067,0.4858248506772105,0.0,0.0,0.0,0.10967730009634842,0.2037735849056604,0.18446601941747573
27,0.05143025392020587,0.017669172932330827,0.0028294260307194837,0.011175244659569273,0.04359445873247255,0.5382136075225836,0.22283230627075223,0.582633699629143,0.0,0.0,0.002591232115729483,0.013914208455534094,0.4960435758131522,0.22495563380563804,0.0,0.0,0.0,0.27568182531905355,0.630188679245283,0.1796116504854369
28,0.02782209046244575,0.008458646616541356,0.003435731608730801,0.005101119465350407,0.017948693873222468,0.8330810853560826,0.4907956454433367,0.23002497346827805,0.0,0.026201170609186787,0.051672267399261416,0.004562706193979612,0.7395754389333098,0.4223701763030442,0.0,0.0,0.0,0.19107993773452603,0.4339622641509434,0.18122977346278318
29,0.038449182046904,0.012593984962406015,0.003334680679062247,0.007450163196094062,0.02910115864488929,0.5600837382667923,0.35646987857000273,0.2891447818551597,0.0,0.05964166832928808,8.559707115370465e-05,0.00887521498426762,0.5858929178978964,0.35164465382350474,0.0,0.0,0.0,0.0803847052181865,0.07547169811320754,0.19417475728155342
30,0.016341750497010095,0.003947368421052633,0.003435731608730801,0.003595959267332501,0.011400844745483439,0.763107082794434,0.6145110787361593,0.0965140056983973,0.0,0.03845956648629306,0.02403977901864406,0.07651946726998536,0.8286670296119847,0.6867646528620703,0.0,0.0,0.0,0.19687380858578443,0.41509433962264153,0.19579288025889968
31,0.26826905242808174,0.07086466165413534,0.05608326596604688,0.08643594586222117,0.28634787147661106,0.14457097003195518,0.06026805896871891,0.786508959661961,0.0,0.02767093518049206,0.024312812397459863,0.007698833044120721,0.16075922673604287,0.0,0.0,0.0,0.0,0.1828383171426561,0.2490566037735849,0.255663430420712
32,0.6362476799891221,0.19417293233082708,0.3115400161681487,0.3468210703137301,0.6837960380658741,0.08558011963114004,0.015647090702617,0.5936773797155108,0.0,0.06354503321072512,0.020146033170056917,0.03528856450512883,0.1145456953939657,0.12064800682618469,0.0,0.0,0.0,0.18351301560731245,0.07924528301886792,0.42880258899676377
33,0.04565409042933206,0.01879699248120301,0.013237671786580436,0.019104078281523718,0.035150265844550055,0.3787178127227358,0.24360720475752126,0.041239132048269594,0.0,0.2893499754138176,0.07416160882289215,0.05687849534436339,0.4529494836313524,0.4239084714393876,0.0,0.0,0.0,0.151189528089295,0.22641509433962265,0.22815533980582525
34,0.018455123378137532,0.007142857142857143,0.0016168148746968473,0.004789390581203196,0.01821762592518053,0.6020702393185331,0.41899452945447974,0.20484598861906417,0.0,0.07709513143373249,0.036925638422709475,0.03382449382358394,0.6276665019752632,0.5439916355201961,0.0,0.0,0.0,0.12187167270415124,0.1320754716981132,0.2411003236245955
35,0.02714301729098602,0.01654135338345865,0.0036378334680679057,0.01161609596414556,0.016999854776812984,0.42844663972877733,0.23211896097757542,0.04752581978242204,0.0,0.029784310486483508,0.09823256647373187,0.07278838049078472,0.49077280235171056,0.4427525868595946,0.0,0.0,0.0,0.2230147012436862,0.35094339622641507,0.24595469255663432
36,0.0788374254778437,0.023872180451127822,0.008791430881164106,0.023619559144721067,0.0891836037662942,0.3286442139324028,0.13657231030058609,0.708163972618189,0.0,0.01562475992064919,0.014293762792766628,0.013023500070833673,0.366395712937385,0.184008386666753,0.0,0.0,0.0,0.3020026491082521,0.44528301886792454,0.27184466019417475
37,0.021344063598840855,0.009774436090225564,0.0009094583670169768,0.004257236067196477,0.016568391250589384,0.5756134950095582,0.41376725657345437,0.1951727137346893,0.0,0.0407937373780455,0.0348271250731313,0.033741795215604796,0.6043859903621669,0.5734527343367734,0.0,0.0,0.0,0.14916856387436805,0.12452830188679245,0.284789644012945
38,0.03164388507080899,0.015037593984962409,0.001414713015359741,0.0090466266035424,0.022840938755627163,0.41513910908452917,0.23679978472710594,0.18015944337965528,0.0,0.01870147672382148,0.029333608914969507,0.04492738954119558,0.4458285477561377,0.3673761251787668,0.0,0.0,0.0,0.390670456721883,0.5358490566037736,0.29611650485436897
39,0.0,0.00037593984962405996,0.007174616006467259,0.002569469270888615,0.0070496563171773205,0.9831148678790962,1.0,0.01858787749854185,0.0,0.3187039667627573,0.1575803702941608,0.4177397078639019,0.9648966901769584,1.0,0.0,0.0,0.0,0.28601400303326924,0.36603773584905663,0.2993527508090615
40,0.012226481390755356,0.008458646616541356,0.001414713015359741,0.003284230158898928,0.006730760202458427,0.5689579607145938,0.5146309457156186,0.027881809980448813,0.0,0.4703582296951158,0.16768698784794478,0.14544617207476443,0.6902272590513832,0.5396651804492304,0.0,0.0,0.0,0.11114492723674492,0.011320754716981131,0.3042071197411003
41,0.08213453798340314,0.0193609022556391,0.01475343573160873,0.022463946952134467,0.08074806502199428,0.343101504066129,0.20821927409177232,0.3917053928018624,0.0,0.03145721544116888,0.011129568100830996,0.01550012096751698,0.3651362986987103,0.3196750547291673,0.0,0.0,0.0,0.366267359726861,0.44528301886792454,0.3300970873786408
42,0.13914454963728573,0.04210526315789474,0.022837510105092967,0.042115844849098964,0.1458141772779958,0.252543937187516,0.10464788212258183,0.6879754428323177,0.0,0.03053308258536807,0.00822259704518247,0.00933679005266445,0.22951279239210465,0.04826381641193993,0.0,0.0,0.0,0.2557792251763381,0.2679245283018868,0.3381877022653722
43,0.009852161488077535,0.0030075187969924823,0.0023241713823767187,0.003945507183049264,0.00841093495346245,0.607430587508418,0.5168505124675626,0.038237938219989526,0.0,0.22538993464521728,0.05666251259004347,0.09560256181919004,0.6935333153196335,0.6123496256414571,0.0,0.0,0.0,0.18707197158296535,0.16981132075471697,0.31715210355987056
44,0.024870618808024075,0.0075187969924812035,0.001515763945028295,0.00500981616620543,0.019741302895060077,0.47749065323472534,0.4008056141733492,0.1672908974868766,0.0,0.11795301332779345,0.023280977986337322,0.05353678577268721,0.5505082349147155,0.49322789602086325,0.0,0.0,0.0,0.26736833299958124,0.3018867924528302,0.32847896440129454
45,0.024870618808024075,0.007706766917293234,0.0023241713823767187,0.007761892080241273,0.019741302895060077,0.5368207436102055,0.3075052466408505,0.1672908974868766,0.0,0.03170836805475051,0.03130844744464003,0.010666666456128241,0.4728879423029067,0.5524522587700851,0.0,0.0,0.0,0.4005609548360084,0.49056603773584906,0.3268608414239482
46,0.009198946231481722,0.0035714285714285718,0.0007073565076798714,0.004751571235632739,0.016568391250589384,0.5569777614941829,0.3739500818595275,0.1951727137346893,0.0,0.10773910478704211,0.021297130505127226,0.08156568751784654,0.5601530182972838,0.555322827372726,0.0,0.0,0.0,0.12387346015416044,0.011320754716981131,0.3365695792880259
47,0.036962984134514924,0.013909774436090226,0.0137429264349232,0.01418556536960599,0.03892996004578574,0.49463226725220083,0.3704260011160771,0.11566971149273747,0.0,0.009921414905321734,0.0325456362853015,0.02466806447714142,0.5798904852195061,0.49174728695213266,0.0,0.0,0.0,0.4915730534815867,0.569811320754717,0.3511326860841424
48,0.01399569147576403,0.0046992481203007525,0.002930476960388036,0.0027520757346067536,0.008974349962535579,0.7973787863939901,0.6692564118362121,0.08364546566532133,0.0,0.1173978637973328,0.024881929473159016,0.008091018774310167,0.820562169626633,0.5910582225043403,0.0,0.0,0.0,0.20175862206902592,0.16981132075471697,0.3446601941747573
49,0.018455123378137532,0.009022556390977446,0.006568310428455942,0.006826705382942366,0.01351299742984946,0.6002666350065855,0.5132035379395897,0.01689806042975739,0.0,0.33224369916871505,0.13103462653611947,0.045811397925453703,0.6625518886781705,0.6395804078146133,0.0,0.0,0.0,0.313661074448405,0.33584905660377357,0.3527508090614887
50,0.04565409042933206,0.016165413533834588,0.008185125303152789,0.0107722126108489,0.040833290665278486,0.6390356051059245,0.3689800432939607,0.3415522470771552,0.0,0.009135698416799419,0.004243005322165364,0.007677163733410833,0.6662456355055371,0.6355682678556407,0.0,0.0,0.0,0.5438104813073279,0.6377358490566037,0.3511326860841424
51,0.004202772851625243,0.0,0.001919967663702506,0.00031172883928994033,0.0,1.0,0.9454138040651093,0.016729085236185853,0.0,0.03663837641288034,0.040225971760674745,0.05163186954844507,1.0,0.8742443726039252,0.0,0.0,0.0,0.24771934583402713,0.23773584905660378,0.3527508090614887
52,0.030050760900846067,0.005075187969924812,0.005557801131770412,0.007579285481951319,0.026087126184001455,0.7928362637981505,0.431117045145374,0.27881816247812763,0.0,0.025563533765495042,0.013287225131803478,0.023028861455358898,0.6847362261324732,0.7968771760407706,0.0,0.0,0.0,0.13386508884780662,0.011320754716981131,0.36569579288025894
53,0.010745909859830031,0.007142857142857143,0.002930476960388036,0.0031929270391830387,0.0044871764942299615,0.6938787443059442,0.6221694087271129,1.7355777343075474e-08,0.0,0.755829367655749,0.13692475913152627,0.013806847039923003,0.7573176884294626,0.5910582225043403,0.0,0.0,0.0,0.3992643239918958,0.44528301886792454,0.36569579288025894
54,0.10145041310571759,0.028195488721804517,0.02475747776879547,0.030446264482806157,0.10515462611075138,0.530289052495321,0.19445527189794284,0.6425845878677072,0.0,0.01716554905836828,0.01677235746523777,0.00931952067446643,0.5201858901104779,0.4551292968132845,0.0,0.0,0.0,0.4682060573596286,0.4981132075471698,0.3899676375404531
55,0.0629825774194652,0.020488721804511282,0.010408245755860954,0.018168891584224807,0.06127602400464572,0.38230974039693405,0.22261104275384208,0.33801926990885395,0.0,0.011667634950884631,0.04367619847069982,0.012918982508240914,0.4039723663795572,0.24111307403980076,0.0,0.0,0.0,0.33882235835700203,0.3547169811320755,0.3786407766990291
56,0.02124753025732324,0.004135338345864661,0.0036378334680679057,0.0029725014093235323,0.011217933670764041,0.8034354314427163,0.6933602128793963,0.10037451141711495,0.0,0.07486327037857854,0.04980828118358205,0.018462008870844655,0.8398517363917699,0.7173382686968959,0.0,0.0,0.0,0.5398453329693487,0.6,0.36893203883495146
57,0.038797836897783704,0.012406015037593986,0.00202101859337106,0.008552291300534321,0.035605861117413526,0.6991978330588884,0.2702246944857551,0.6273408655757873,0.0,0.008382240071409305,0.00755811880959308,0.006653258879712192,0.6044610081224668,0.6575755026499538,0.0,0.0,0.0,0.6095703995566053,0.6867924528301886,0.36569579288025894
58,0.036962984134514924,0.02180451127819549,0.010307194826192401,0.013744714020172433,0.03403820233720036,0.61430599234008,0.3185897317034309,0.1787716934349543,0.0,0.0643141560827478,0.042364487389173436,0.0992011892511132,0.592594562402287,0.4172492727570588,0.0,0.0,0.0,0.23974692957050206,0.19622641509433963,0.38511326860841427
59,0.014680597630440974,0.0030075187969924823,0.0022231204527081647,0.002219921265457307,0.008318819764595857,0.9017388691241306,0.6786566438813049,0.12267998085430737,0.0,0.01976002106121482,0.026579343088066004,0.06865594564403912,0.8449082247670969,0.6042735761756542,0.0,0.0,0.0,0.2523177247652522,0.23018867924528302,0.3737864077669903
60,0.097316545515205,0.032330827067669175,0.015561843168957153,0.03178448354282635,0.09709482244403975,0.35851815705962936,0.12530689524774383,0.5751307921084003,0.0,0.03464361144914033,0.007419997634115805,0.017558454477669513,0.27694710624550023,0.0917966360373572,0.0,0.0,0.0,0.2762768398981934,0.2528301886792453,0.3964401294498382
61,0.07639112319643315,0.057706766917293234,0.04082457558609539,0.05589837790084094,0.06931764791790124,0.30518653797479656,0.10476764460881835,0.01684525867286596,0.0,0.1094013835226516,0.10384196513695448,0.030275543454880833,0.2968988903461723,0.3077992364607996,0.0,0.0,0.0,0.5369147786299783,0.5735849056603773,0.39482200647249194
62,1.0000000000000002,1.0,0.9999999999999999,1.0,1.0,0.008994640658182285,0.0,0.1513310720527506,0.0,0.17899422326952644,0.08153731220172623,0.03518551023361838,0.023215710980976217,0.04449261117019433,0.0,0.0,0.0,0.3524656406781617,0.3886792452830189,0.6084142394822006
63,0.02874148330576283,0.01729323308270677,0.005254648342764753,0.012368676197726329,0.030464870124346642,0.44462838270217325,0.25099717568892477,0.16729093420576696,0.0,0.08928245996418821,0.07850138151556338,0.023180777293316336,0.45245995668493616,0.39755777157981254,0.0,0.0,0.0,0.20981462089001712,0.1320754716981132,0.4223300970873787
64,0.04634008143097145,0.021428571428571432,0.004042037186742118,0.02213006382385086,0.04173073141078829,0.2539772962239244,0.10135801734638304,0.19153594561561677,0.0,0.07792063200577742,0.0844907260378828,0.05049086556424441,0.26231444271505316,0.26725875005508226,0.0,0.0,0.0,0.815552119748427,0.8226415094339623,0.4336569579288026
65,0.009852161488077535,0.004511278195488722,0.0031325788197251424,0.003816384807477464,0.007008019598209958,0.7956703129938181,0.5755832976677816,0.05018727236120102,0.0,0.17978483045536117,0.06457792304226866,0.04131836531977205,0.7542060599545617,0.6057419488058001,0.0,0.0,0.0,0.4849431295349685,0.49056603773584906,0.43203883495145634
66,0.06594141609021456,0.03552631578947369,0.015864995957962813,0.03306921797641293,0.06713297290479317,0.2974071334331101,0.11895364546328546,0.19624507607564684,0.0,0.05385815749003718,0.01902516687793548,0.03288815862382384,0.29058619385721324,0.22486131247620783,0.0,0.0,0.0,0.5096762542709197,0.5094339622641509,0.4482200647249191
67,0.029400151107559024,0.012406015037593986,0.006972514147130154,0.012277372808866807,0.025207541418042982,0.4457625061894363,0.2911559226260096,0.07253173956051764,0.0,0.051044181229387024,0.06479092432788197,0.055325101675029395,0.4712235589194281,0.4814701181221206,0.0,0.0,0.0,0.6261698112994218,0.6339622641509434,0.44336569579288027
68,0.07325776589470151,0.04135338345864662,0.012126111560226353,0.0300967165670894,0.06530921199183864,0.2429937397559901,0.11439256242628902,0.19725343824044866,0.0,0.1293945590074922,0.059403106952116064,0.04405661268709532,0.2645687746315086,0.228745466735355,0.0,0.0,0.0,0.40959263697330317,0.4,0.4449838187702266
69,0.021344063598840855,0.012406015037593986,0.001414713015359741,0.007541466495239039,0.009375799345195418,0.4824349172778912,0.28290246952890274,0.03345818663226785,0.0,0.24629739112533056,0.045721166731987326,0.05125548707223009,0.5081255248392031,0.3905688826190215,0.0,0.0,0.0,0.27186932939112674,0.22264150943396227,0.44660194174757284
70,0.1366413085602759,0.030263157894736846,0.04991915925626515,0.08271086421931688,0.14320932846238993,0.17702151585553894,0.05859608664284956,0.17823514225278014,0.0,0.4090338004128398,0.07948634657713172,0.15911807518766977,0.17473154194431856,0.15933156885457722,0.0,0.0,0.0,0.6233734500498432,0.6188679245283019,0.4741100323624596
71,0.019170246536841698,0.011842105263157897,0.0016168148746968473,0.00935835562226143,0.012760900908333768,0.4140712921928999,0.23458822773243315,0.0427125984603956,0.0,0.20992076126892797,0.10881487246094775,0.06090042746674355,0.45674629013227747,0.33507192731555485,0.0,0.0,0.0,0.7994371884213256,0.7924528301886793,0.470873786407767
72,0.018455123378137532,0.0,0.00101050929668553,0.002349043685886381,0.016568391250589384,0.9390102985593749,0.5716166443535137,0.3764045193454723,0.0,0.030389631915218873,0.003983626848531465,0.005274695790833902,0.8909123542994855,0.8580922736723192,0.0,0.0,0.0,0.15288075039578608,0.011320754716981131,0.4724919093851133
73,0.03990070694491676,0.011278195488721807,0.0021220695230396124,0.00926705232311645,0.03488687123414071,0.5402488572002588,0.2520718754138556,0.4513697811977045,0.0,0.003267723429144335,0.0073721847807420035,0.023539921646726306,0.5457519033835858,0.44563689024023856,0.0,0.0,0.0,0.45005226486590855,0.44528301886792454,0.48058252427184467
74,0.024240451813080155,0.008082706766917292,0.003334680679062247,0.004880693790633628,0.01860049008052224,0.7263700806723419,0.5013187287309303,0.20024209243311514,0.0,0.06764424152796195,0.019638892918221774,0.013092842799899508,0.7241143358009481,0.5086034517346035,0.0,0.0,0.0,0.5053773352527775,0.4981132075471698,0.47734627831715215
75,0.025315786733919994,0.008270676691729324,0.0009094583670169768,0.002752075689749483,0.017560897461200757,0.7994605870000813,0.5262199050833468,0.33458184890188186,0.0,0.04829631371486501,0.013066238986974728,0.01830333772535796,0.7894499651667346,0.4060997469763349,0.0,0.0,0.0,0.9999999999999999,0.9924528301886792,0.47572815533980584
76,0.11537513584370088,0.04003759398496241,0.04749393694421988,0.036117357628304654,0.1174825444788411,0.4860901572525926,0.2599298449279909,0.3579887845833884,0.0,0.0496426509817532,0.0013368186208084242,0.024883630581626848,0.5238475204621471,0.5405430119129045,0.0,0.0,0.0,0.4955735304316748,0.5056603773584906,0.5307443365695793
77,0.038728261491303435,0.010714285714285714,0.0008084074373484237,0.007358859852091811,0.030708929078200657,0.3598939066395997,0.2668961826306723,0.2906468029507738,0.0,0.060217990869716215,0.03184192659749024,0.018544127802160134,0.485831452231609,0.2587981268051934,0.0,0.0,0.0,0.7576755655550923,0.7547169811320755,0.4935275080906149
78,0.012706658635216382,0.003947368421052633,0.0013136620856911887,0.0013760378224461044,0.0022435867341528103,0.7467234727199161,0.7097828722116588,0.015208259678557406,0.0,1.0,1.0,1.0,0.8834158141422477,0.6910911079330362,0.0,0.0,0.0,0.55974096271422,0.5622641509433962,0.5097087378640777
79,0.017306221232488074,0.006390977443609023,0.0008084074373484237,0.003284230293470745,0.014358964176351005,0.5344246966934221,0.4752710883438605,0.1423752408408881,0.0,0.18555672270327536,0.053434222056568934,0.04184701534412589,0.6490993539365266,0.5256874025276483,0.0,0.0,0.0,0.7950158202559884,0.7962264150943397,0.511326860841424
80,0.03257814929840947,0.010902255639097747,0.005860953920776072,0.009487477908118687,0.0336538131159895,0.6470505342577126,0.35488198293650025,0.3159939954690796,0.0,0.0025937464339289493,0.026388211800228725,0.029704392103574027,0.6154191579973984,0.3564270833259695,0.0,0.0,0.0,0.2774703889691636,0.2339622641509434,0.522653721682848
81,0.01590557479969832,0.008834586466165414,0.006669361358124494,0.004789390581203196,0.01286688088254255,0.8616315183724759,0.680678397535325,0.07318978460866712,0.0,0.07466497168325702,0.06773712482804517,0.03982932678657033,0.8169226287275506,0.7819466644233197,0.0,0.0,0.0,0.6417663524850814,0.6490566037735849,0.529126213592233
82,0.028492343378573474,0.010150375939849625,0.011115602263540823,0.009670084326979552,0.02782240301730167,0.6624962601310165,0.4980424549074632,0.11406197850753641,0.0,0.10544621144484183,0.005706486401613758,0.011912191857754861,0.6774460291111006,0.5617535208685206,0.0,0.0,0.0,0.7935472982553914,0.8264150943396227,0.5566343042071198
83,0.001593303782423939,0.0007518796992481208,0.001515763945028295,0.0,0.0022435867341528103,0.9669640790977034,0.9624814189781291,0.05576364920859728,0.0,0.031243385038587042,0.023741170482792676,0.016939267409088632,0.9855693070151539,0.9215469480464855,0.0,0.0,0.0,0.3051905078419895,0.27547169811320754,0.5485436893203883
84,0.017306221232488074,0.008082706766917292,0.0026273241713823774,0.0026607725700335937,0.007641387926257459,0.7498190912441618,0.6578804183527615,0.05936125745601914,0.0,0.058404723955368304,0.07202394486183473,0.035779592143918536,0.7901049589448377,0.7449314377050561,0.0,0.0,0.0,0.26262490923866116,0.2188679245283019,0.5533980582524272
85,0.013180599017320362,0.0033834586466165413,0.005052546483427648,0.0034133526690425468,0.010222567961648006,0.8348196066325044,0.7354171416831846,0.06273408655757873,0.0,0.14324201137386217,0.10312046247476665,0.03091971914345949,0.8432557775856175,0.8477515119224552,0.0,0.0,0.0,0.32902466876409536,0.32452830188679244,0.5631067961165049
86,0.07446110034641337,0.01447368421052632,0.012227162489894906,0.023855649651728268,0.07852554779904566,0.3692025586852625,0.16663635781260458,0.47399084487599735,0.0,0.0769189622251447,0.027607132420188685,0.008345219576575353,0.4506688289105449,0.12177399449208988,0.0,0.0,0.0,0.7035168755524421,0.7547169811320755,0.5744336569579288
87,0.04152009916473446,0.01691729323308271,0.0188965238480194,0.01772804036936307,0.03853238989813435,0.4848383445820343,0.3497699885371607,0.052278414004584106,0.0,0.15357131911381292,0.0681004429298637,0.038487658076650104,0.5516078776756732,0.5043324640363424,0.0,0.0,0.0,0.2784504305786554,0.26037735849056604,0.5776699029126214
88,0.030050760900846067,0.005451127819548872,0.006972514147130154,0.00789101436609853,0.03165587394597107,0.5770694050229861,0.46448605415118266,0.20911362185859572,0.0,0.053887441363993135,0.01088876325425564,0.026487408802093184,0.6741230502054361,0.5949223610047244,0.0,0.0,0.0,0.5718197128033314,0.6226415094339622,0.580906148867314
89,0.02115078953948924,0.009774436090225564,0.006063055780113177,0.01161609591928829,0.017572041940558086,0.48301995450560836,0.289127427008247,0.02909406790515287,0.0,0.12968363631865884,0.02883728425988502,0.09688013033367071,0.515944124331031,0.5154370320518213,0.0,0.0,0.0,0.15484721226341444,0.04905660377358491,0.5873786407766991
90,0.03703457898083177,0.010714285714285714,0.0037388843977364597,0.009267052233401908,0.036406411765442605,0.5013208827146767,0.30029972018108764,0.3500240005200163,0.0,0.031004016084799378,0.012122360903416236,0.021021619462330294,0.5829711643487263,0.4286785357437508,0.0,0.0,0.0,0.1265846516312934,0.0,0.6067961165048544
91,0.7662114267201333,0.643609022556391,0.5713419563459984,0.7247718368719831,0.8188041644429023,0.05609604990091632,0.0008688099437589789,0.34267069913539266,0.0,0.10459256934935923,0.009366202740506084,0.08689311352732063,0.04531831895825378,0.058269290722935116,0.0,0.0,0.0,0.10914310656453709,0.21509433962264152,0.7896440129449839
92,0.024601552188446354,0.011278195488721807,0.0008084074373484237,0.007982317620386236,0.018157612767674747,0.36503744343105093,0.24727213140867374,0.1095356747954262,0.0,0.10791860545074793,0.013284672119608595,0.04655556616212839,0.4015976940271612,0.3501023527102437,0.0,0.0,0.0,0.5747167456956335,0.660377358490566,0.610032362459547
93,0.03349717789363201,0.011090225563909775,0.005658852061438966,0.005541970725069421,0.026721710933635068,0.8204603014481271,0.5652507643028305,0.2999698917885206,0.0,0.046025064554505536,0.013491998671377126,0.02078495387221585,0.8298743742718715,0.5093799949524692,0.0,0.0,0.0,0.6058262423370502,0.7132075471698113,0.6213592233009709
94,0.027737695782352446,0.011842105263157897,0.0023241713823767187,0.009267052233401908,0.029260037828472148,0.5109365375150206,0.25810035822663413,0.30669997872594046,0.0,0.023220422894930176,0.044519327729287565,0.03517944730847279,0.5427924082086606,0.5210774475517473,0.0,0.0,0.0,0.31899523569642435,0.36603773584905663,0.6310679611650486
95,0.6717726024556486,0.35695488721804514,0.32053354890864993,0.3819367788711849,0.7229081194201256,0.0,0.011825673718080831,0.3190006498719511,0.0,0.07281345934778469,0.07506875560515844,0.005959928828861723,0.0,0.039813102536814735,0.0,0.0,0.0,0.3467478628838173,0.8603773584905661,0.8025889967637541
96,0.14581884455980237,0.03646616541353384,0.04345189975747777,0.05971476275317568,0.15115741500233743,0.26347069372866233,0.0980830097192312,0.38383970522582417,0.0,0.03520837486550032,0.01083773857641801,0.028774510950348876,0.2916358093140002,0.13919396502122977,0.0,0.0,0.0,0.5673409503121183,0.7433962264150944,0.6601941747572816
97,0.04763140547394391,0.015225563909774437,0.005658852061438966,0.009487477997833229,0.040441082455563875,0.5540323228639523,0.34899409245667695,0.37094929439214114,0.0,0.06503713373543246,0.026000422329686523,0.03949225249725178,0.6276665019752632,0.2699026948206725,0.0,0.0,0.0,0.4334691314193433,0.569811320754717,0.6585760517799353
98,0.04064798074686588,0.025,0.018290218270008082,0.014588597418326367,0.029166633595835198,0.7567638549120292,0.43964409000081117,0.06888448407763986,0.0,0.106194945775163,0.07533400080303682,0.06216160060695688,0.6846965254547988,0.5792882981408262,0.0,0.0,0.0,0.5368139960630363,0.8415094339622642,0.7103559870550162
99,0.2071981761750348,0.07725563909774437,0.07922392886014551,0.06755229289655607,0.21936876985061213,0.26298312093503123,0.13943651630236348,0.45143850668418056,0.0,0.055056964078552484,0.0,0.01792150240697608,0.3199065117196126,0.15042157184233163,0.0,0.0,0.0,0.2436312460327206,0.4716981132075472,0.7524271844660194
100,0.39772095821239833,0.20187969924812033,0.19573565076798707,0.20559805061383996,0.41318234680942556,0.04421857617707123,0.034923785657597524,0.1991558303415198,0.0,0.03146790901894414,0.009571840446645025,0.017260752860720065,0.046257755392275196,0.09360325317604083,0.0,0.0,0.0,0.14544108536473632,0.49433962264150944,0.8446601941747574
101,0.03319248211681944,0.015037593984962409,0.004951495553759094,0.00895532348382651,0.026360966285244772,0.5227642446477083,0.34840686617815964,0.1672908974868766,0.0,0.027933277637243063,0.03154129306013155,0.04061931032851722,0.5755325377451632,0.3558528328791445,0.0,0.0,0.0,0.33247494297272934,0.6264150943396226,0.7459546925566344
102,0.04527704160286674,0.01729323308270677,0.008286176232821341,0.016314183380775595,0.03177360661033023,0.34398806567148515,0.22427051693552422,0.06273408347520326,0.0,0.16558108032532612,0.02862307431133537,0.004548865679438025,0.408636582577579,0.3751859312555872,0.0,0.0,0.0,0.3549136315138783,0.6981132075471698,0.7572815533980582
103,0.2041255941168978,0.08139097744360903,0.07316087308003233,0.08652724893707979,0.2151565863348004,0.12169638019254955,0.07926572390283348,0.2404426595935375,0.0,0.048808309063646846,0.020026239443814167,0.017464025818262487,0.12110570518644898,0.0966508697643551,0.0,0.0,0.0,0.342433759236647,0.8490566037735849,0.8025889967637541
104,0.12434270736217623,0.03646616541353384,0.02647534357316087,0.03661169311074182,0.12339728248210183,0.2781007051927873,0.1515764350322792,0.44610904325203243,0.0,0.017576312674877102,0.009636359899601571,0.019367761600980485,0.2879594558725098,0.12483825868195352,0.0,0.0,0.0,0.24348637607712012,0.5584905660377358,0.7864077669902914
105,0.016341750497010095,0.008458646616541356,0.0007073565076798714,0.00456896495134369,0.008650442917103755,0.551607439890053,0.38412805949756157,0.06750333263293284,0.0,0.09705935898174457,0.08509051993658762,0.03832283154667497,0.5486109004788002,0.48313283418860953,0.0,0.0,0.0,0.16330412772762534,0.4716981132075472,0.8220064724919094
106,0.03045342906031831,0.008458646616541356,0.0,0.005541970769926692,0.024485310769798208,0.6298093175838899,0.3011245690115326,0.4632670440124878,0.0,0.020950037696170487,0.003044504399646827,0.006741605163076113,0.5905711812730767,0.35164465382350474,0.0,0.0,0.0,0.03792310628294246,0.022641509433962266,0.8349514563106797
107,0.041719708354783024,0.010338345864661657,0.00020210185933710635,0.0061654285382211176,0.03236850333627374,0.798560618655797,0.2852279391740703,0.8413748512218988,0.0,0.028776400692238593,0.015627365408794957,0.02813972944425538,0.6758904188881056,0.184008386666753,0.0,0.0,0.0,0.045404264052438484,0.06415094339622641,0.8381877022653722
108,0.053146417144088624,0.010150375939849625,0.005962004850444624,0.011395670513715142,0.04997071676846144,0.6801233875546271,0.2931091028171408,0.6515540401337492,0.0,0.04169679957372941,0.013615867660545643,0.014516965724400635,0.6297295572442618,0.23008328426011615,0.0,0.0,0.0,0.27352798363632896,0.9207547169811321,0.8511326860841424
109,0.056468722877226867,0.03289473684210527,0.010509296685529506,0.027398124830914437,0.036022942425232185,0.26840774067871853,0.121034096768813,0.02679266859080434,0.0,0.09700012531662117,0.4001385811736576,0.056812858196016426,0.2659871251289451,0.27208278962738724,0.0,0.0,0.0,0.17581132843359154,0.6528301886792452,0.86084142394822
110,0.2027658350844924,0.10394736842105264,0.10347615198059823,0.1348528304089572,0.22298240132387337,0.3602957462644047,0.04436385606906308,0.45479949461872665,0.0,0.6986515484343097,0.13924595072453744,0.08515144040134301,0.3212525874317158,0.4265027041700097,0.0,0.0,0.0,0.03330716840638455,0.22641509433962265,0.9207119741100324
111,0.24155185876037952,0.07951127819548873,0.09145109135004043,0.09357437994988166,0.2529279653383029,0.384865567727475,0.08521253603188327,0.7547084365823338,0.0,0.03387320399825829,0.02443558418246307,0.010210112897681761,0.38319929090865873,0.09474793107734651,0.0,0.0,0.0,0.11541517149948273,0.7056603773584905,0.9207119741100324
112,0.09973597376904406,0.02593984962406015,0.007679870654810024,0.02363522451529876,0.094754282067995,0.38501262825995813,0.1258929193986047,1.0,0.0,0.03806756325016235,0.019082917051736464,0.04363159014628488,0.4227979997800155,0.049319362266279074,0.0,0.0,0.0,0.1715885696242279,0.8113207547169812,0.894822006472492
113,0.04763140547394391,0.02086466165413534,0.006164106709781731,0.01928668487981367,0.043242652664593116,0.35619279836567264,0.1513505509871376,0.23088909167913224,0.0,0.05952285680240224,0.05739370346498141,0.07350081480039497,0.3476774726752818,0.20610867758185525,0.0,0.0,0.0,0.13026654558121473,0.6415094339622641,0.894822006472492
114,0.059502251889781164,0.026879699248120302,0.007679870654810024,0.018260194883369787,0.054704472811523595,0.3284574708454846,0.18412810489970857,0.29101645453889974,0.0,0.08964180746250776,0.013264503216536466,0.026656938663274045,0.4189163958867947,0.33465777093269317,0.0,0.0,0.0,0.021940360138187325,0.15849056603773584,0.9271844660194175
115,0.03417688737035022,0.007894736842105263,0.00020210185933710635,0.006294550868935645,0.02961304216239162,0.6743237734084737,0.2803579862049399,0.6231586115865249,0.0,0.037453196806131586,0.017053765994997305,0.025184561848162666,0.6510477950239142,0.5647906676761729,0.0,0.0,0.0,0.013290779347391018,0.06415094339622641,0.923948220064725
116,0.04757044376641336,0.008834586466165414,0.0030315278900565883,0.010293542409274882,0.039174146088462196,0.3936045804669311,0.2496819643325219,0.3345817355163197,0.0,0.13339501276687288,0.03745902704467306,0.03181313898408779,0.4838121057606825,0.23885686026547565,0.0,0.0,0.0,0.1277930340794464,0.7886792452830189,0.923948220064725
117,0.05476974437449499,0.01898496240601504,0.012126111560226353,0.016443305711490122,0.05980124294623373,0.4315042156857903,0.2815163074824594,0.3193734967032279,0.0,0.038335908725777364,0.016884179291572238,0.017419871955910493,0.5144066604184958,0.26077227223016747,0.0,0.0,0.0,0.008664441501220792,0.07547169811320754,0.9449838187702266
118,0.026368070735085868,0.011842105263157897,0.0009094583670169768,0.005192422719638113,0.016131780627057397,0.6035670954623464,0.36083732552047615,0.20173316683870385,0.0,0.046733182229078754,0.009579496276324897,0.03668951000548182,0.6242524193619647,0.5342293779241707,0.0,0.0,0.0,0.07795070096746427,0.5849056603773585,0.9368932038834952
119,0.1043021179321234,0.05526315789473685,0.051131770412287794,0.04118065806208551,0.11437950747931186,0.465954314657499,0.22315398533484143,0.28811204617422076,0.0,0.032756481335669344,0.005763397492273151,0.00887841976139814,0.47248786431159157,0.3702651184836069,0.0,0.0,0.0,0.04315713311572052,0.4867924528301887,0.9789644012944985
120,0.019170246536841698,0.005451127819548872,0.00202101859337106,0.00372508159804703,0.017016890730867214,0.632390116051742,0.516461510110665,0.1819655300580582,0.0,0.044934028729726384,0.013979702953736968,0.007659746596074218,0.7447817287635949,0.5757189727072795,0.0,0.0,0.0,0.0,0.011320754716981131,0.9563106796116505
121,0.07103493937559827,0.02067669172932331,0.007477768795472918,0.017636737204789907,0.06977283771690268,0.41711847793055207,0.19035987613154262,0.6199604352459172,0.0,0.029052775524636365,0.0026651969876029837,0.0018939613406332414,0.44960896260476807,0.39507784323888673,0.0,0.0,0.0,0.008316122920307856,0.1471698113207547,0.9773462783171522
122,0.09917097963199017,0.03928571428571429,0.03971301535974131,0.03319834035198473,0.10106403633876118,0.5909152312748556,0.2539891914578391,0.3951644546857584,0.0,0.034899371898159615,0.015144536995682838,0.013530692375555644,0.6001099780250676,0.3860446743062389,0.0,0.0,0.0,0.052225499437502806,0.5547169811320755,0.9902912621359223
123,0.0344016927749061,0.013157894736842108,0.0031325788197251424,0.008514472268964771,0.029252109906692025,0.4782135219433608,0.30743259086501473,0.24504579299671808,0.0,0.09380578299881051,0.005507220887350557,0.04659257653245212,0.5203754205597086,0.31599028102870663,0.0,0.0,0.0,0.004326313910534271,0.09433962264150944,0.9870550161812298
124,0.055486652572714464,0.02274436090225564,0.02374696847210994,0.01897495563680828,0.05384609674928912,0.7101634914164823,0.3811282813126812,0.22305452998250214,0.0,0.10796730541033991,0.025811962521770176,0.04223489087468635,0.7162556234151516,0.5302431227391269,0.0,0.0,0.0,0.013560704489593598,0.20754716981132076,0.9951456310679612
125,0.050674300303865306,0.011278195488721807,0.008791430881164106,0.011836521504290523,0.049846187878026645,0.5844772461261383,0.34572305016743576,0.4200859827092048,0.0,0.05825331653775792,0.002207153466800258,0.017554459998151348,0.6758904188881056,0.31833094977706744,0.0,0.0,0.0,0.02031207874394812,0.27547169811320754,0.9967637540453076
126,0.03061366176078948,0.006015037593984962,0.0011115602263540832,0.005321545140067186,0.029166633595835198,0.8094920559339209,0.364035306556604,0.6357054285001396,0.0,0.03790431178441255,0.0030790141236283486,0.0,0.7213051755924329,0.2694281406319768,0.0,0.0,0.0,0.0658606898452244,0.6490566037735849,1.0
127,0.01557527116521016,0.003759398496240602,0.00030315278900565953,0.0030103205754649,0.016568391250589384,0.8411726976036549,0.46282993923028676,0.3764045193454723,0.0,0.07017992239238813,0.03670047452546379,0.04897809725120269,0.7846746035519594,0.7692557295484865,0.0,0.0,0.0,0.11265325861030868,1.0,0.9983818770226538
